,NOM_ZM,POBTOT,POBFEM,POBMAS,P_0A2,P_3A5,P_6A11,P_12A14,P_15A17,POB15_64,P_60YMAS,PNACOE,PNACOE_F,PRESOE15,PCON_DISC,P15YM_AN,PE_INAC,POCUPADA,POCUPADA_F,POCUPADA_M,PDESOCUP,PSINDER,PDER_IMSS,PDER_SEGP,PAFIL_IPRIV,PCATOLICA,PRO_CRIEVA,POTRAS_REL,PSIN_RELIG,TOTHOG,HOGJEF_F,POBHOG,PHOGJEF_F,VIVTOT,PROM_OCUP_x,PRO_OCUP_C_x,VPH_1DOR,VPH_C_ELEC,VPH_AGUADV,VPH_TINACO,VPH_CISTER,VPH_EXCSA,VPH_DRENAJ,VPH_REFRI,VPH_LAVAD,VPH_BICI,VPH_TV,VPH_PC,VPH_CEL,VPH_INTER,VPH_SPMVPI,TVIVHAB,GRAPROES_x,PDER_SS,VIVPAR_HAB,VIVPARH_CV,PROM_OCUP_y,PRO_OCUP_C_y,GRAPROES_y,POBFEM_%,POBMAS_%,P_0A2_%,P_3A5_%,P_6A11_%,P_12A14_%,P_15A17_%,POB15_64_%,P_60YMAS_%,PNACOE_%,PNACOE_F_%,PRESOE15_%,PCON_DISC_%,P15YM_AN_%,PE_INAC_%,POCUPADA_%,POCUPADA_F_%,POCUPADA_M_%,PDESOCUP_%,PSINDER_%,PDER_IMSS_%,PDER_SEGP_%,PAFIL_IPRIV_%,PCATOLICA_%,PRO_CRIEVA_%,POTRAS_REL_%,PSIN_RELIG_%,HOGJEF_F_%,PHOGJEF_F_%,VPH_1DOR_%,VPH_C_ELEC_%,VPH_AGUADV_%,VPH_TINACO_%,VPH_CISTER_%,VPH_EXCSA_%,VPH_DRENAJ_%,VPH_REFRI_%,VPH_LAVAD_%,VPH_BICI_%,VPH_TV_%,VPH_PC_%,VPH_CEL_%,VPH_INTER_%,VPH_SPMVPI_%,PDER_SS_%,TVIVHAB_%,GRAPROES_x_%,PROM_OCUP_x_%,RO_CRIEVA_%,PRO_OCUP_C_x_%
0,Acapulco,852622,445313,407309,36535,40920,86306,43404,44042,555330,117874,59967,30492,13492,53443,40548,255878,412725,182516,230209,7967,236843,290127,212656,3815,613756,107536,901,120282,245301,95802,849445,315225,358162,6.880000000000001,2.49,95754,240983,224913,148811,55171,229713,230718,217787,139901,19467,216827,67660,212140,112162,25389,245411,17.96,605941,218168,244816,3.4400000000000004,1.245,8.98,52.2,47.8,4.3,4.8,10.1,5.1,5.2,65.1,13.8,7.0,3.6,13492,6.3,4.8,30.0,48.4,44.2,55.8,0.9,27.8,47.9,35.1,0.6,72.0,12.6,0.1,14.1,39.1,37.1,39.1,98.4,91.9,60.8,22.5,93.8,94.2,89.0,57.1,8.0,88.6,27.6,86.7,45.8,10.4,71.1,100.0,17.96,6.880000000000001,107536,2.49
1,Acayucan,114416,59795,54621,5045,5584,11687,5911,5965,75673,15207,7871,4181,2155,6735,8554,34159,56594,23759,32835,965,43683,26996,35621,942,72525,24951,94,16725,33864,12660,113741,39426,41458,10.04,3.27,13754,33314,30720,14490,3434,32527,32691,28003,21708,3399,27886,6896,28165,10083,2133,33880,25.78,70691,32017,33762,3.3466666666666662,1.09,8.593333333333334,52.3,47.7,4.4,4.9,10.2,5.2,5.2,66.1,13.3,6.9,3.7,2155,5.9,7.5,29.9,49.5,42.0,58.0,0.8,38.2,38.2,50.4,1.3,63.4,21.8,0.1,14.6,37.4,34.7,40.7,98.7,91.0,42.9,10.2,96.3,96.8,82.9,64.3,10.1,82.6,20.4,83.4,29.9,6.3,61.8,100.0,25.78,10.04,24951,3.27
2,Aguascalientes,1140916,583919,556997,55026,61004,121938,61075,61158,763889,116390,250146,130663,51307,54795,14775,318395,570373,243977,326396,11653,211072,687792,152244,30895,1004971,63700,1799,67440,316379,99037,1137351,320409,376264,11.23,2.85,67290,315023,314325,236264,139832,314345,314535,301291,276786,73754,304386,157619,298433,206586,92365,316562,30.270000000000003,927998,306180,316049,3.7433333333333336,0.95,10.090000000000002,51.2,48.8,4.8,5.3,10.7,5.4,5.4,67.0,10.2,21.9,11.5,51307,4.8,1.3,27.9,50.0,42.8,57.2,1.0,18.5,74.1,16.4,3.3,88.1,5.6,0.2,5.9,31.3,28.2,21.3,99.7,99.5,74.8,44.2,99.5,99.5,95.3,87.6,23.3,96.3,49.9,94.4,65.4,29.2,81.3,100.1,30.270000000000003,11.23,63700,2.85
3,Campeche,294077,152522,141555,12287,14049,27355,13380,13520,201182,37321,42759,22131,7638,19010,7485,89926,147105,64715,82390,2337,57005,137833,62572,2929,187640,65779,533,39226,85297,30672,293199,99637,101576,3.44,0.95,33425,84565,84383,71801,9791,83546,83662,78024,69521,10748,78468,39358,78059,51974,19202,85353,10.72,236338,81815,85180,3.44,0.95,10.72,51.9,48.1,4.2,4.8,9.3,4.5,4.6,68.4,12.7,14.5,7.5,7638,6.5,2.5,30.6,50.0,44.0,56.0,0.8,19.4,58.3,26.5,1.2,63.8,22.4,0.2,13.3,36.0,34.0,39.2,99.3,99.1,84.3,11.5,98.1,98.2,91.6,81.6,12.6,92.1,46.2,91.6,61.0,22.5,80.4,100.1,10.72,3.44,65779,0.95
4,Cancún,934189,463322,470867,39160,44841,91085,44384,41965,669043,60983,540449,269146,106672,32492,13363,232529,505658,205725,299933,9285,244614,509501,112398,20225,514967,186512,2529,218032,293820,96157,932005,297130,346554,6.52,2.6,118100,289196,286019,274237,74137,289906,288710,268337,227043,54177,263616,119830,278109,179320,77315,293890,19.48,678294,256214,293442,3.26,1.3,9.74,49.6,50.4,4.2,4.8,9.8,4.8,4.5,71.6,6.5,57.9,28.8,106672,3.5,1.4,24.9,54.1,40.7,59.3,1.0,26.2,75.1,16.6,3.0,55.1,20.0,0.3,23.3,32.7,31.9,40.2,98.6,97.5,93.5,25.3,98.8,98.4,91.4,77.4,18.5,89.8,40.8,94.8,61.1,26.3,72.6,100.0,19.48,6.52,186512,2.6
5,Celaya,767104,395804,371300,35824,41501,77828,39468,40292,513592,86850,69420,34828,12503,31798,24023,232647,369816,154596,215220,6912,174606,329293,205279,11327,681844,38459,601,44312,204727,70991,765587,250968,258782,15.7,4.28,51752,203336,200122,157193,79857,199389,199755,191270,166229,93839,194170,80106,180262,109522,35227,204842,36.04,590916,198253,204523,3.925,1.07,9.01,51.6,48.4,4.7,5.4,10.1,5.1,5.3,67.0,11.3,9.0,4.5,12503,4.1,3.1,30.3,48.2,41.8,58.2,0.9,22.8,55.7,34.7,1.9,88.9,5.0,0.1,5.8,34.7,32.8,25.3,99.4,97.8,76.9,39.0,97.5,97.7,93.5,81.3,45.9,94.9,39.2,88.1,53.5,17.2,77.0,100.1,36.04,15.7,38459,4.28
6,Chetumal,233648,118552,115096,9477,11126,23154,11700,11642,161046,25741,78047,39850,8923,11128,7242,67008,120140,50501,69639,2046,48523,69817,61298,1842,132351,49335,344,50899,70753,24412,232061,76980,87728,3.28,1.07,30603,69228,68746,59985,24183,68786,69065,62148,55794,20299,60828,27957,64914,40605,14848,70782,10.19,184650,69365,70293,3.28,1.07,10.19,50.7,49.3,4.1,4.8,9.9,5.0,5.0,68.9,11.0,33.4,17.1,8923,4.8,3.1,28.7,51.4,42.0,58.0,0.9,20.8,37.8,33.2,1.0,56.6,21.1,0.1,21.8,34.5,33.2,43.5,98.5,97.8,85.3,34.4,97.9,98.3,88.4,79.4,28.9,86.5,39.8,92.3,57.8,21.1,79.0,100.0,10.19,3.28,49335,1.07
7,Chihuahua,988065,504489,483576,39704,46334,91039,46040,46847,682738,121637,75140,36693,15638,42209,8031,292619,504923,220747,284176,9586,109571,577567,131419,47007,773338,102683,1024,105914,316126,113766,982589,325472,371696,9.27,2.39,75768,314806,312695,237225,25301,313842,314016,309952,287298,27753,305154,169569,299293,215675,109214,316246,29.98,875342,297178,315904,3.09,0.7966666666666667,9.993333333333334,51.1,48.9,4.0,4.7,9.2,4.7,4.7,69.1,12.3,7.6,3.7,15638,4.3,0.8,29.6,51.1,43.7,56.3,1.0,11.1,66.0,15.0,5.4,78.3,10.4,0.1,10.7,36.0,33.1,24.0,99.7,99.0,75.1,8.0,99.3,99.4,98.1,90.9,8.8,96.6,53.7,94.7,68.3,34.6,88.6,100.0,29.98,9.27,102683,2.39
8,Chilpancingo,336480,176258,160222,18404,19166,37625,18237,18299,219997,33902,16238,7946,5065,16336,16198,90079,165927,76442,89485,3335,91520,45141,125617,1747,252822,42911,618,39341,84980,32350,333888,120450,110941,8.120000000000001,2.59,31526,84275,75883,69548,40327,82178,83072,74744,45192,4098,75849,32254,75232,45821,11102,85069,18.62,244326,80929,84817,4.0600000000000005,1.295,9.31,52.4,47.6,5.5,5.7,11.2,5.4,5.4,65.4,10.1,4.8,2.4,5065,4.9,4.8,26.8,49.3,46.1,53.9,1.0,27.2,18.5,51.4,0.7,75.1,12.8,0.2,11.7,38.1,36.1,37.2,99.4,89.5,82.0,47.5,96.9,97.9,88.1,53.3,4.8,89.4,38.0,88.7,54.0,13.1,72.6,100.1,18.62,8.120000000000001,42911,2.59
9,Ciudad Victoria,349688,180459,169229,14860,16607,34240,17538,17324,236254,44810,26864,13855,4555,15089,4672,108365,169807,75810,93997,4235,47692,136586,69945,6566,239972,62347,233,45295,101652,34478,348121,107921,124897,3.42,0.84,28201,100877,99557,41130,3468,98615,99175,97731,86659,17120,96468,47982,95397,63597,23385,101678,11.44,300753,96666,101442,3.42,0.84,11.44,51.6,48.4,4.2,4.7,9.8,5.0,5.0,67.6,12.8,7.7,4.0,4555,4.3,1.3,31.0,48.6,44.6,55.4,1.2,13.6,45.4,23.3,2.2,68.6,17.8,0.1,13.0,33.9,31.0,27.8,99.4,98.1,40.5,3.4,97.2,97.8,96.3,85.4,16.9,95.1,47.3,94.0,62.7,23.1,86.0,100.0,11.44,3.42,62347,0.84
10,Coatzacoalcos,355738,184944,170794,13766,17599,31702,15608,15979,244989,48515,68527,36844,8126,21819,10306,115826,169277,73915,95362,6305,73852,151286,71867,2191,202114,92417,329,59778,111965,40676,354109,120864,148923,9.71,3.02,43005,110833,107612,62417,9633,110750,110363,103142,91799,8103,101858,42229,103585,62981,20527,111988,28.77,280946,105475,111704,3.236666666666667,1.0066666666666666,9.59,52.0,48.0,3.9,4.9,8.9,4.4,4.5,68.9,13.6,19.3,10.4,8126,6.1,2.9,32.6,47.6,43.7,56.3,1.8,20.8,53.8,25.6,0.8,56.8,26.0,0.1,16.8,36.3,34.1,38.5,99.2,96.3,55.9,8.6,99.1,98.8,92.3,82.2,7.3,91.2,37.8,92.7,56.4,18.4,79.0,100.0,28.77,9.71,92417,3.02
11,Colima-Villa de álvarez,230813,117552,113261,8398,9653,21333,10860,11310,154244,36295,51928,27006,10035,14681,5316,70285,117984,50753,67231,1959,40890,109126,58327,4206,200481,14088,274,14968,72163,25446,228770,74804,93030,13.22,3.82,23064,71332,71208,55692,22149,71212,71356,67272,54825,9850,66200,30468,65050,45141,14571,72273,37.620000000000005,189097,70624,72014,3.305,0.955,9.405,50.9,49.1,3.6,4.2,9.2,4.7,4.9,66.8,15.7,22.5,11.7,10035,6.4,2.3,30.5,51.1,43.0,57.0,0.8,17.7,57.7,30.8,2.2,86.9,6.1,0.1,6.5,35.3,32.7,32.0,99.1,98.9,77.3,30.8,98.9,99.1,93.4,76.1,13.7,91.9,42.3,90.3,62.7,20.2,81.9,100.2,37.620000000000005,13.22,14088,3.82
12,Cuautla,483455,249486,233969,21427,24072,49615,25272,25580,318542,64440,118914,62976,19577,27155,18167,136906,245365,105929,139436,4072,146155,130900,159888,3407,334260,74778,708,73032,134740,46754,481547,155996,210803,21.8,6.24,48545,133482,126215,102206,61869,130386,131867,119163,86335,34852,122551,43179,120346,65195,15457,134796,55.64,336803,132168,134254,3.633333333333333,1.04,9.273333333333332,51.6,48.4,4.4,5.0,10.3,5.2,5.3,65.9,13.3,24.6,13.0,19577,5.6,3.8,28.3,50.8,43.2,56.8,0.8,30.2,38.9,47.5,1.0,69.1,15.5,0.1,15.1,34.7,32.4,36.2,99.4,94.0,76.1,46.1,97.1,98.2,88.8,64.3,26.0,91.3,32.2,89.6,48.6,11.5,69.7,100.0,55.64,21.8,74778,6.24
13,Cuernavaca,1028589,534494,494095,40227,46743,94969,49614,50333,695112,147097,315386,170301,46683,55382,26709,299046,531419,238522,292897,13156,299769,400646,230084,18337,721333,142040,2500,160508,299189,108778,1023035,345840,434178,27.94,7.76,90060,297471,290243,249576,149820,294515,295517,277638,207407,35879,275474,131189,273041,190811,66334,299362,79.06,727147,279091,298538,3.4925,0.97,9.8825,52.0,48.0,3.9,4.5,9.2,4.8,4.9,67.6,14.3,30.7,16.6,46683,5.4,2.6,29.1,51.7,44.9,55.1,1.3,29.1,55.1,31.6,2.5,70.1,13.8,0.2,15.6,36.4,33.8,30.2,99.6,97.2,83.6,50.2,98.7,99.0,93.0,69.5,12.0,92.3,43.9,91.5,63.9,22.2,70.7,100.1,79.06,27.94,142040,7.76
14,Culiacán,1003530,512484,491046,46505,49512,100904,51122,50846,678895,111713,93551,47384,23561,41959,19539,294747,498256,214159,284097,6742,202978,557343,130547,17763,793717,81727,607,124543,281567,104712,991401,350864,340656,3.52,0.95,70537,280185,278202,143263,6212,276096,277566,274238,231364,37330,268037,137551,267476,175867,76748,281726,11.06,797932,270235,281246,3.52,0.95,11.06,51.1,48.9,4.6,4.9,10.1,5.1,5.1,67.7,11.1,9.3,4.7,23561,4.2,1.9,29.4,49.7,43.0,57.0,0.7,20.2,69.8,16.4,2.2,79.1,8.1,0.1,12.4,37.2,35.4,25.1,99.6,98.9,50.9,2.2,98.2,98.7,97.5,82.3,13.3,95.3,48.9,95.1,62.5,27.3,79.5,100.1,11.06,3.52,81727,0.95
15,Córdoba,335950,177549,158401,13099,15662,32335,16360,16632,225859,46895,23835,13075,5003,16071,10939,102977,168505,73807,94698,2760,107890,150843,58053,5739,287397,30470,383,17478,100742,37658,334502,115160,126413,13.31,3.64,35374,99869,96117,72418,14340,98064,99372,87477,67144,7480,92102,35230,88868,54943,15772,100777,36.65,227924,97883,100603,3.3275,0.91,9.1625,52.8,47.2,3.9,4.7,9.6,4.9,5.0,67.2,14.0,7.1,3.9,5003,4.8,3.3,30.7,50.2,43.8,56.2,0.8,32.1,66.2,25.5,2.5,85.5,9.1,0.1,5.2,37.4,34.4,35.2,99.3,95.5,72.0,14.3,97.5,98.8,87.0,66.7,7.4,91.5,35.0,88.3,54.6,15.7,67.8,100.0,36.65,13.31,30470,3.64
16,Delicias,195359,99151,96208,9026,9925,19983,10279,9802,128978,25158,16930,8347,3124,9272,3024,60131,93948,39177,54771,2006,26683,115405,31958,3599,153090,20734,141,21050,61516,21901,195035,65392,74923,6.38,1.57,18368,61222,61161,19781,1092,61063,61156,59890,55316,13403,59153,24076,57635,34314,13769,61544,18.98,168506,60009,61400,3.19,0.785,9.489999999999998,50.8,49.2,4.6,5.1,10.2,5.3,5.0,66.0,12.9,8.7,4.3,3124,4.7,1.5,30.8,48.1,41.7,58.3,1.0,13.7,68.5,19.0,2.1,78.4,10.6,0.1,10.8,35.6,33.5,29.9,99.7,99.6,32.2,1.8,99.5,99.6,97.5,90.1,21.8,96.3,39.2,93.9,55.9,22.4,86.3,100.0,18.98,6.38,20734,1.57
17,Durango,688697,353285,335412,31927,37947,75830,35765,36136,454946,75853,53906,27013,15557,38618,7080,204076,327143,140996,186147,8340,173476,302609,98551,7195,573001,59370,752,52716,186768,67773,683730,232395,224232,3.66,0.85,38612,185488,184775,162364,67250,182200,183670,176214,149114,45496,179186,85610,173659,107117,43799,186870,10.74,512753,178292,186650,3.66,0.85,10.74,51.3,48.7,4.6,5.5,11.0,5.2,5.2,66.1,11.0,7.8,3.9,15557,5.6,1.0,29.6,47.5,43.1,56.9,1.2,25.2,59.0,19.2,1.4,83.2,8.6,0.1,7.7,36.3,34.0,20.7,99.4,99.0,87.0,36.0,97.6,98.4,94.4,79.9,24.4,96.0,45.9,93.0,57.4,23.5,74.5,100.1,10.74,3.66,59370,0.85
18,Ensenada,443807,222500,221307,18918,21114,42133,21509,20882,304500,53463,159809,80717,24414,20367,7752,127562,228454,96410,132044,3106,77808,203713,105448,9994,253458,86307,604,102020,139850,47568,440625,141836,171203,3.15,0.86,43494,136311,132593,55127,10326,128536,131315,128859,111627,19231,127369,68939,131092,92742,45288,139968,10.34,363941,133229,138858,3.15,0.86,10.34,50.1,49.9,4.3,4.8,9.5,4.8,4.7,68.6,12.0,36.0,18.2,24414,4.6,1.7,28.7,51.5,42.2,57.8,0.7,17.5,56.0,29.0,2.7,57.1,19.4,0.1,23.0,34.0,32.2,31.3,98.2,95.5,39.7,7.4,92.6,94.6,92.8,80.4,13.8,91.7,49.6,94.4,66.8,32.6,82.0,100.1,10.34,3.15,86307,0.86
19,Guadalajara,5268642,2684675,2583967,225751,263395,516733,260165,262968,3550317,600017,713917,364412,125158,225863,71309,1436893,2715118,1170220,1544898,41230,1578536,2985136,324254,201856,4615204,278096,7411,307570,1483691,519305,5241338,1723175,1799585,35.83,9.95,326609,1466465,1462381,1114365,660099,1464842,1464641,1415828,1241434,345534,1416217,753925,1384577,1021204,457531,1484581,96.59,3632630,1378768,1482403,3.583,0.995,9.659,51.0,49.0,4.3,5.0,9.8,4.9,5.0,67.4,11.4,13.6,6.9,125158,4.3,1.4,27.3,51.5,43.1,56.9,0.8,30.0,82.2,8.9,5.6,87.6,5.3,0.1,5.8,35.0,32.9,22.0,98.9,98.6,75.2,44.5,98.8,98.8,95.5,83.7,23.3,95.5,50.9,93.4,68.9,30.9,68.9,100.1,96.59,35.83,278096,9.95
20,Guanajuato,194500,100462,94038,9462,10214,19242,9719,9488,132066,20789,11816,6115,2676,7940,4821,59323,93436,40021,53415,2317,27808,66668,59389,5880,176707,6243,186,10818,51675,18768,193690,65105,63114,3.75,0.91,12292,51321,49641,46778,6064,49893,50011,48561,42650,5158,48522,25168,46529,31336,11362,51688,10.46,166385,49788,51639,3.75,0.91,10.46,51.7,48.3,4.9,5.3,9.9,5.0,4.9,67.9,10.7,6.1,3.1,2676,4.1,2.5,30.5,48.0,42.8,57.2,1.2,14.3,40.1,35.7,3.5,90.9,3.2,0.1,5.6,36.3,33.6,23.8,99.4,96.1,90.6,11.7,96.6,96.8,94.0,82.6,10.0,94.0,48.7,90.1,60.7,22.0,85.5,100.0,10.46,3.75,6243,0.91
21,Guaymas,208294,104339,103955,9504,10550,20942,10523,10411,138443,27786,26315,12702,4787,11105,3572,65269,98749,40716,58033,1681,32990,124535,29655,3229,159601,22093,85,26113,61900,22795,206157,73894,79927,6.71,1.84,20943,61114,60885,41614,10370,54343,56481,56997,44170,11072,57492,25501,56416,35534,13083,61943,19.7,175064,60750,61794,3.355,0.92,9.85,50.1,49.9,4.6,5.1,10.1,5.1,5.0,66.5,13.3,12.6,6.1,4787,5.3,1.7,31.3,47.4,41.2,58.8,0.8,15.8,71.1,16.9,1.8,76.6,10.6,0.0,12.5,36.8,35.8,33.9,98.9,98.5,67.3,16.8,87.9,91.4,92.2,71.5,17.9,93.0,41.3,91.3,57.5,21.2,84.0,100.1,19.7,6.71,22093,1.84
22,Hermosillo,936263,468773,467490,35876,43782,93320,47793,46163,646237,104402,115327,54830,23472,41409,10245,274767,471237,199063,272174,9322,166919,520283,94217,44721,733294,97158,610,101403,278550,97515,927042,307083,326410,3.33,0.83,75129,276314,275869,161778,19419,272391,274278,267153,222725,38120,261060,149299,264173,195823,92020,278712,11.3,766406,260719,278209,3.33,0.83,11.3,50.1,49.9,3.8,4.7,10.0,5.1,4.9,69.0,11.2,12.3,5.9,23472,4.4,1.1,29.3,50.3,42.2,57.8,1.0,17.8,67.9,12.3,5.8,78.3,10.4,0.1,10.8,35.0,33.1,27.0,99.3,99.2,58.1,7.0,97.9,98.6,96.0,80.1,13.7,93.8,53.7,95.0,70.4,33.1,81.9,100.1,11.3,3.33,97158,0.83
23,Hidalgo del Parral,121666,62935,58731,5631,6349,12379,6099,6053,79848,16411,10768,5559,2517,6563,1617,40745,54906,22461,32445,1359,14073,61589,28473,2164,96256,12959,38,12190,35970,12962,121201,40172,43378,6.59,1.48,9119,35768,35713,33292,3224,35650,35674,34731,31098,2016,34305,16041,33277,21512,7587,35989,19.92,107425,35404,35932,3.295,0.74,9.96,51.7,48.3,4.6,5.2,10.2,5.0,5.0,65.6,13.5,8.9,4.6,2517,5.4,1.3,33.5,45.1,40.9,59.1,1.1,11.6,57.3,26.5,2.0,79.1,10.7,0.0,10.0,36.0,33.1,25.4,99.5,99.4,92.7,9.0,99.2,99.3,96.7,86.5,5.6,95.5,44.6,92.6,59.9,21.1,88.3,100.1,19.92,6.59,12959,1.48
24,Juárez,1512450,755473,756977,61661,75783,158006,84852,82775,1042232,134989,410142,205031,58446,64510,15008,424859,773941,321981,451960,11113,281293,995662,111663,53709,990518,217017,1606,295236,449452,152263,1505714,492203,520392,3.35,0.87,131922,447215,445394,21983,4210,445733,446184,436106,395092,42892,433849,203599,422130,286079,121797,449602,10.18,1225002,430766,449167,3.35,0.87,10.18,50.0,50.0,4.1,5.0,10.4,5.6,5.5,68.9,8.9,27.1,13.6,58446,4.3,1.0,28.1,51.2,41.6,58.4,0.7,18.6,81.3,9.1,4.4,65.5,14.3,0.1,19.5,33.9,32.7,29.4,99.6,99.2,4.9,0.9,99.2,99.3,97.1,88.0,9.5,96.6,45.3,94.0,63.7,27.1,81.0,100.0,10.18,3.35,217017,0.87
25,La Laguna,1061533,541015,520518,51738,56452,108643,53807,54601,706439,124856,148207,77738,28484,49675,13100,326074,502990,208623,294367,11539,239598,641462,69735,30885,837258,126840,911,93534,306850,98532,1058568,311985,373099,14.48,3.7,72321,305647,304743,205085,62330,302235,302895,295647,256887,79876,296521,126598,281633,173557,68088,306969,39.63,819576,290786,306655,3.62,0.925,9.9075,51.0,49.0,4.9,5.3,10.2,5.1,5.1,66.5,11.8,14.0,7.3,28484,4.7,1.2,30.7,47.4,41.5,58.5,1.1,22.6,78.3,8.5,3.8,78.9,11.9,0.1,8.8,32.1,29.5,23.6,99.7,99.4,66.9,20.3,98.6,98.8,96.4,83.8,26.0,96.7,41.3,91.8,56.6,22.2,77.2,100.0,39.63,14.48,126840,3.7
26,La Paz,292241,146438,145803,10882,12776,26992,13547,14005,203031,37267,79830,39528,15230,15395,4043,84914,152265,64678,87587,2565,41161,133165,51140,5587,228451,27537,512,34262,91287,31036,290063,91547,116231,3.18,0.86,25232,89585,88540,81226,25704,88640,89503,85904,68316,11036,84222,49535,86795,63033,30943,91366,11.07,249591,86927,91038,3.18,0.86,11.07,50.1,49.9,3.7,4.4,9.2,4.6,4.8,69.5,12.8,27.3,13.5,15230,5.3,1.4,29.1,52.1,42.5,57.5,0.9,14.1,53.4,20.5,2.2,78.2,9.4,0.2,11.7,34.0,31.6,27.7,98.4,97.3,89.2,28.2,97.4,98.3,94.4,75.0,12.1,92.5,54.4,95.3,69.2,34.0,85.4,100.1,11.07,3.18,27537,0.86
27,La Piedad-Pénjamo,261450,135552,125898,13424,14176,27963,13519,13448,167182,35000,35425,18634,4038,17014,13217,82847,120261,46469,73792,1970,65042,71916,107152,1748,237812,13955,105,9325,69166,23090,260418,79971,93810,7.48,2.02,19452,68702,67785,56475,21345,65379,65585,64038,53593,14327,64840,19680,57037,27785,6666,69189,16.73,196240,68629,69072,3.74,1.01,8.365,51.8,48.2,5.1,5.4,10.7,5.2,5.1,63.9,13.4,13.5,7.1,4038,6.5,5.1,31.7,46.0,38.6,61.4,0.8,24.9,36.6,54.6,0.9,91.0,5.3,0.0,3.6,33.4,30.7,28.2,99.5,98.1,81.8,30.9,94.7,95.0,92.7,77.6,20.7,93.9,28.5,82.6,40.2,9.7,75.1,100.0,16.73,7.48,13955,2.02
28,León,1924771,978025,946746,96999,104979,203072,102200,103946,1292529,183913,184912,93035,39690,84613,50028,516850,974718,406556,568162,19318,410959,1010672,379913,46018,1740550,77941,2408,95689,487264,153418,1919833,573078,568823,8.26,2.17,104853,484158,467189,401285,168946,481015,480517,455411,411298,156482,465899,206228,445102,279724,108557,487495,18.43,1507068,469931,486742,4.13,1.085,9.215,50.8,49.2,5.0,5.5,10.6,5.3,5.4,67.2,9.6,9.6,4.8,39690,4.4,2.6,26.9,50.6,41.7,58.3,1.0,21.4,67.1,25.2,3.1,90.4,4.0,0.1,5.0,31.5,29.9,21.5,99.5,96.0,82.4,34.7,98.8,98.7,93.6,84.5,32.1,95.7,42.4,91.4,57.5,22.3,78.3,100.0,18.43,8.26,77941,2.17
29,Matamoros,541979,274081,267898,24460,28314,56263,28433,27941,368765,54690,110918,58090,12125,27446,8837,157450,267394,110611,156783,6627,131752,289064,81988,9370,336538,112136,358,91827,159564,51092,540093,161483,195499,3.38,0.96,52212,157814,155372,58905,19331,151909,152821,149691,110681,27289,149471,55715,148769,90738,30233,159609,9.92,409313,150362,159373,3.38,0.96,9.92,50.6,49.4,4.5,5.2,10.4,5.2,5.2,68.0,10.1,20.5,10.7,12125,5.1,1.6,29.1,49.3,41.4,58.6,1.2,24.3,70.6,20.0,2.3,62.1,20.7,0.1,16.9,32.0,29.9,32.8,99.0,97.5,37.0,12.1,95.3,95.9,93.9,69.4,17.1,93.8,35.0,93.3,56.9,19.0,75.5,100.0,9.92,3.38,112136,0.96
30,Mazatlán,501441,256060,245381,21023,22246,47651,24814,24500,341005,66475,73935,37515,19070,23927,7183,152583,252587,108450,144137,3958,99672,275858,61086,11843,385129,49129,512,65723,152884,55536,498785,171635,196436,3.26,0.92,50381,152024,151470,101316,22309,150855,151270,146344,120231,32320,144485,70136,141733,96531,40143,152976,10.83,401328,149700,152601,3.26,0.92,10.83,51.1,48.9,4.2,4.4,9.5,4.9,4.9,68.0,13.3,14.7,7.5,19070,4.8,1.4,30.4,50.4,42.9,57.1,0.8,19.9,68.7,15.2,3.0,76.8,9.8,0.1,13.1,36.3,34.4,33.0,99.6,99.3,66.4,14.6,98.9,99.1,95.9,78.8,21.2,94.7,46.0,92.9,63.3,26.3,80.0,100.1,10.83,3.26,49129,0.92
31,Mexicali,1049792,520544,529248,37394,45624,99545,51804,51325,734081,122934,302068,151904,32856,44519,13134,311290,540835,222980,317855,7949,190666,576267,142247,41859,692341,148322,1095,203845,330356,103068,1042395,304079,385642,3.16,0.83,93960,326832,326350,5467,2303,315458,317589,319303,289682,67648,313757,166799,309193,226594,110551,330500,10.53,854633,311321,329356,3.16,0.83,10.53,49.6,50.4,3.6,4.3,9.5,4.9,4.9,69.9,11.7,28.8,14.5,32856,4.2,1.3,29.7,51.5,41.2,58.8,0.8,18.2,67.4,16.6,4.9,66.0,14.1,0.1,19.4,31.2,29.2,28.5,99.2,99.1,1.7,0.7,95.8,96.4,96.9,88.0,20.5,95.3,50.6,93.9,68.8,33.6,81.4,100.0,10.53,3.16,148322,0.83
32,Minatitlán,359228,188610,170618,13525,17554,34808,17517,18024,241312,50586,36672,19683,6849,21916,17119,119881,167380,71044,96336,5261,97509,103977,103629,1423,208209,94494,323,55884,111235,38352,359136,112526,139303,19.94,6.609999999999999,47316,109656,97489,47347,8837,108368,108845,95748,80882,13335,94944,30479,95750,47793,12469,111245,51.71,261494,105225,110958,3.3233333333333337,1.1016666666666666,8.618333333333334,52.5,47.5,3.8,4.9,9.7,4.9,5.0,67.2,14.1,10.2,5.5,6849,6.1,4.8,33.4,46.6,42.4,57.6,1.5,27.1,39.8,39.6,0.5,58.0,26.3,0.1,15.6,34.5,31.3,42.6,98.8,87.9,42.7,8.0,97.7,98.1,86.3,72.9,12.0,85.6,27.5,86.3,43.1,11.2,72.8,100.0,51.71,19.94,94494,6.609999999999999
33,Monclova-Frontera,345119,173577,171542,17191,19459,35025,16923,16633,227796,43569,20935,10315,3060,17029,3275,117538,150106,57934,92172,5097,53878,251699,17393,4450,241553,53584,170,49189,100874,24400,344899,73031,114656,10.17,2.37,27322,100409,100104,79182,15529,99591,99999,98739,88853,17610,97296,40665,92559,60791,20834,100904,31.08,290649,95684,100765,3.39,0.79,10.36,50.3,49.7,5.0,5.6,10.1,4.9,4.8,66.0,12.6,6.1,3.0,3060,4.9,0.9,34.1,43.5,38.6,61.4,1.5,15.6,86.6,6.0,1.5,70.0,15.5,0.0,14.3,24.2,21.2,27.1,99.6,99.3,78.6,15.4,98.8,99.2,98.0,88.2,17.5,96.6,40.4,91.9,60.3,20.7,84.2,100.0,31.08,10.17,53584,2.37
34,Monterrey,5341177,2671686,2669491,238040,271721,508476,251268,250658,3667264,585321,1265248,633974,268335,196328,51184,1621013,2615919,1031427,1584492,51438,1016652,3435684,373515,321328,4147820,628617,4939,526148,1522975,415892,5327136,1342743,1836943,62.48,16.44,352344,1515133,1511810,206290,37301,1512336,1513225,1471433,1328378,155223,1456660,753248,1422699,1097100,475373,1523359,186.3,4294974,1416366,1522168,3.471111111111111,0.9133333333333334,10.35,50.0,50.0,4.5,5.1,9.5,4.7,4.7,68.7,11.0,23.7,11.9,268335,3.7,1.0,30.3,49.0,39.4,60.6,1.0,19.0,80.0,8.7,7.5,77.7,11.8,0.1,9.9,27.3,25.2,23.1,99.5,99.3,13.6,2.5,99.4,99.4,96.7,87.3,10.2,95.7,49.5,93.5,72.1,31.2,80.4,100.0,186.3,62.48,628617,16.44
35,Morelia,988704,512204,476500,42869,47705,95869,48350,48437,669551,121856,117830,60392,26484,48242,22364,282888,503461,224019,279442,9910,325482,421003,136101,14664,823406,63612,1754,94137,283050,100907,979940,320079,380322,10.83,2.92,69395,281601,275432,255451,126451,277272,279363,266308,225483,42659,267080,136423,264781,179320,66084,283286,27.83,658164,268292,282788,3.61,0.9733333333333332,9.276666666666666,51.8,48.2,4.3,4.8,9.7,4.9,4.9,67.7,12.3,11.9,6.1,26484,4.9,2.3,28.6,50.9,44.5,55.5,1.0,32.9,64.0,20.7,2.2,83.3,6.4,0.2,9.5,35.6,32.7,24.5,99.6,97.4,90.3,44.7,98.0,98.8,94.2,79.7,15.1,94.4,48.2,93.6,63.4,23.4,66.6,100.1,27.83,10.83,63612,2.92
36,Moroleón-Uriangato,108755,56421,52334,4310,4525,9503,5122,5326,73461,16623,8083,4083,844,4958,4766,31470,57740,25905,31835,891,23613,15035,63169,1361,98135,4953,81,5505,31621,11480,108659,37406,42775,6.85,1.84,9033,31524,31356,29790,13924,31245,31379,30389,26675,11400,30351,10355,26664,14312,3485,31635,16.71,85075,31061,31598,3.425,0.92,8.355,51.9,48.1,4.0,4.2,8.7,4.7,4.9,67.5,15.3,7.4,3.8,844,4.6,4.4,28.9,53.1,44.9,55.1,0.8,21.7,17.7,74.3,1.6,90.2,4.6,0.1,5.1,36.3,34.4,28.6,99.8,99.2,94.3,44.1,98.9,99.3,96.2,84.4,36.1,96.1,32.8,84.4,45.3,11.0,78.2,100.0,16.71,6.85,4953,1.84
37,Mérida,1316088,677388,638700,49802,58143,115139,58887,60705,916054,167870,223031,116010,80008,72652,28621,394784,683372,294328,389044,9342,295114,739034,146068,52357,995537,176841,2757,135478,392419,134734,1313792,423632,485739,40.47,13.36,128445,389869,388032,337479,78404,381787,380733,367525,315343,120235,371108,196104,369294,255730,114861,392597,98.18,1016662,370935,392050,3.679090909090909,1.2145454545454546,8.925454545454546,51.5,48.5,3.8,4.4,8.7,4.5,4.6,69.6,12.8,16.9,8.8,80008,5.5,2.2,30.0,51.9,43.1,56.9,0.7,22.4,72.7,14.4,5.1,75.6,13.4,0.2,10.3,34.3,32.2,32.8,99.4,99.0,86.1,20.0,97.4,97.1,93.7,80.4,30.7,94.7,50.0,94.2,65.2,29.3,77.2,100.0,98.18,40.47,176841,13.36
38,Nogales,264782,132522,132260,11700,13830,29326,15464,14510,181090,21032,65709,32654,10440,9328,1928,72196,133861,56254,77607,2255,47264,168266,25355,7162,178047,39392,217,46456,78358,28048,263110,92410,90150,3.36,0.95,20539,77788,74798,59879,6722,77558,77518,75296,65122,4184,74094,36200,74826,55551,21989,78396,10.59,217031,71518,78258,3.36,0.95,10.59,50.0,50.0,4.4,5.2,11.1,5.8,5.5,68.4,7.9,24.8,12.3,10440,3.5,0.7,27.3,50.6,42.0,58.0,0.9,17.9,77.5,11.7,3.3,67.2,14.9,0.1,17.5,35.8,35.1,26.2,99.4,95.6,76.5,8.6,99.1,99.1,96.2,83.2,5.3,94.7,46.3,95.6,71.0,28.1,82.0,100.0,10.59,3.36,39392,0.95
39,Nuevo Laredo,425058,215616,209442,19573,23199,46885,23316,22714,283982,42464,123586,64692,12832,19082,6417,125838,205215,82426,122789,3405,111510,234858,50327,7497,293922,72396,359,57544,120296,38422,423829,127064,143080,3.52,0.97,35279,119687,119394,27656,5307,119126,119404,116060,101964,14804,114983,47667,110558,70540,25965,120335,9.98,312881,109890,120110,3.52,0.97,9.98,50.7,49.3,4.6,5.5,11.0,5.5,5.3,66.8,10.0,29.1,15.2,12832,4.5,1.5,29.6,48.3,40.2,59.8,0.8,26.2,75.1,16.1,2.4,69.1,17.0,0.1,13.5,31.9,30.0,29.4,99.6,99.4,23.0,4.4,99.2,99.4,96.6,84.9,12.3,95.7,39.7,92.0,58.7,21.6,73.6,100.0,9.98,3.52,72396,0.97
40,Oaxaca,709361,375752,333609,29131,35091,68076,34885,35197,481764,84348,54357,29146,16880,33173,16148,196343,368746,174430,194316,6144,261184,202909,144514,5935,519822,105608,1047,78678,193539,71769,706558,241693,246856,84.27,23.01,59055,190437,174069,172443,77886,180019,185953,168062,123933,42816,170529,89799,179794,113507,31822,193650,241.24,444289,189653,193092,3.663913043478261,1.0004347826086957,10.488695652173911,53.0,47.0,4.1,4.9,9.6,4.9,5.0,67.9,11.9,7.7,4.1,16880,4.7,2.3,27.7,52.0,47.3,52.7,0.9,36.8,45.7,32.5,1.3,73.3,14.9,0.1,11.1,37.1,34.2,30.6,98.6,90.1,89.3,40.3,93.2,96.3,87.0,64.2,22.2,88.3,46.5,93.1,58.8,16.5,62.6,100.1,241.24,84.27,105608,23.01
41,Ocotlán,184603,93984,90619,10220,10673,21290,10236,10065,117035,21733,12408,6162,3039,9925,5268,53329,87166,35403,51763,1207,49721,95587,32198,1566,172800,6836,95,4639,47706,15757,184039,57289,60467,11.91,3.24,13450,47383,46916,38401,17586,47082,47204,44484,37409,23199,44691,16364,42373,25531,7383,47734,25.88,134707,46745,47588,3.97,1.08,8.626666666666667,50.9,49.1,5.5,5.8,11.5,5.5,5.5,63.4,11.8,6.7,3.3,3039,5.4,2.9,28.9,47.2,40.6,59.4,0.7,26.9,71.0,23.9,1.2,93.6,3.7,0.1,2.5,33.0,31.1,28.3,99.6,98.6,80.7,37.0,98.9,99.2,93.5,78.6,48.7,93.9,34.4,89.0,53.7,15.5,73.0,100.1,25.88,11.91,6836,3.24
42,Orizaba,465175,245492,219683,19012,21861,46689,23833,24689,308053,65949,30691,17168,7036,24229,22144,158400,213425,90039,123386,5019,128409,189186,114157,7998,391391,53658,386,19409,131762,47425,464602,152433,155016,48.48,14.51,48082,130741,127027,87890,25871,122250,126286,103691,81787,30356,119615,44347,112266,61153,18729,131802,113.82,336620,125204,131605,3.729230769230769,1.116153846153846,8.755384615384616,52.8,47.2,4.1,4.7,10.0,5.1,5.3,66.2,14.2,6.6,3.7,7036,5.2,4.8,34.1,45.9,42.2,57.8,1.1,27.6,56.2,33.9,2.4,84.1,11.5,0.1,4.2,36.0,32.8,36.5,99.3,96.5,66.8,19.7,92.9,96.0,78.8,62.1,23.1,90.9,33.7,85.3,46.5,14.2,72.4,100.0,113.82,48.48,53658,14.51
43,Pachuca,665929,348217,317712,23397,30035,61002,32570,33670,465233,78116,171455,91403,48232,32986,10699,196574,343617,156042,187575,7518,215050,238571,102762,10372,491172,74853,1989,94131,199376,70533,663190,211658,287173,24.47,6.14,44881,197723,194348,173627,64229,195707,196705,180234,148576,34587,187691,101553,187209,125243,49278,199430,71.38,447574,184477,199167,3.4957142857142856,0.8771428571428571,10.197142857142856,52.3,47.7,3.5,4.5,9.2,4.9,5.1,69.9,11.7,25.7,13.7,48232,5.0,1.6,29.5,51.6,45.4,54.6,1.1,32.3,53.3,23.0,2.3,73.8,11.2,0.3,14.1,35.4,31.9,22.5,99.3,97.6,87.2,32.2,98.3,98.8,90.5,74.6,17.4,94.2,51.0,94.0,62.9,24.7,67.2,100.0,71.38,24.47,74853,6.14
44,Piedras Negras,209456,104146,105310,10795,12061,22759,11118,10872,139642,20248,27261,13225,4911,8120,2241,64871,95815,37451,58364,2004,40505,143658,12112,3490,132444,42770,101,33542,61077,16606,207994,52299,73760,6.91,1.76,17043,60750,60660,11758,1301,60414,60540,59500,54720,13356,58707,25915,57066,38934,14243,61111,19.37,168446,59269,61000,3.455,0.88,9.685,49.7,50.3,5.2,5.8,10.9,5.3,5.2,66.7,9.7,13.0,6.3,4911,3.9,1.1,31.0,45.7,39.1,60.9,1.0,19.3,85.3,7.2,2.1,63.2,20.4,0.0,16.0,27.2,25.1,27.9,99.6,99.4,19.3,2.1,99.0,99.2,97.5,89.7,21.9,96.2,42.5,93.6,63.8,23.3,80.4,100.1,19.37,6.91,42770,1.76
45,Poza Rica,521530,273353,248177,20350,24281,51181,25555,26291,341806,81782,47890,25487,8964,32279,24949,169069,251040,104407,146633,4130,149147,133588,154480,4960,352614,98505,334,69411,151821,53602,520599,169040,183859,17.24,5.19,56535,149118,125362,97008,28815,125826,132569,131778,102397,11791,134572,42594,127267,67874,17323,151851,45.19,371818,141556,151524,3.4479999999999995,1.038,9.038,52.4,47.6,3.9,4.7,9.8,4.9,5.0,65.5,15.7,9.2,4.9,8964,6.2,4.8,32.4,48.1,41.6,58.4,0.8,28.6,35.9,41.5,1.3,67.6,18.9,0.1,13.3,35.3,32.5,37.3,98.4,82.7,64.0,19.0,83.0,87.5,87.0,67.6,7.8,88.8,28.1,84.0,44.8,11.4,71.3,100.0,45.19,17.24,98505,5.19
46,Puebla-Tlaxcala,3199530,1660200,1539330,141970,158768,309350,159344,165283,2183427,360009,436806,238097,97596,118887,67085,968820,1575166,671904,903262,34363,988985,1127381,771340,77822,2658382,259065,6611,265796,859166,285606,3191095,963036,1049064,161.11,40.99,227651,853745,832828,684841,491121,842370,847066,735566,604519,252334,804955,372519,777109,491886,179643,859413,374.18,2202283,815099,857917,4.131025641025641,1.051025641025641,9.594358974358974,51.9,48.1,4.4,5.0,9.7,5.0,5.2,68.2,11.3,13.7,7.4,97596,3.7,2.1,30.3,49.2,42.7,57.3,1.1,30.9,51.2,35.0,3.5,83.1,8.1,0.2,8.3,33.2,30.2,26.5,99.5,97.1,79.8,57.2,98.2,98.7,85.7,70.5,29.4,93.8,43.4,90.6,57.3,20.9,68.8,100.0,374.18,161.11,259065,40.99
47,Puerto Vallarta,479471,238990,240481,24513,25580,51123,24925,23523,325720,42157,202912,100703,44151,20702,7856,110592,263212,113710,149502,2860,131647,271669,51020,10052,358099,49899,938,69037,141781,48036,478101,157647,199925,6.75,2.13,48595,140759,139800,83652,22582,140510,140661,132588,106384,25995,127323,60877,134531,90121,38258,141841,20.16,346969,138017,141381,3.375,1.065,10.08,49.8,50.2,5.1,5.3,10.7,5.2,4.9,67.9,8.8,42.3,21.0,44151,4.3,1.6,23.1,54.9,43.2,56.8,0.6,27.5,78.3,14.7,2.9,74.7,10.4,0.2,14.4,33.9,33.0,34.4,99.6,98.9,59.2,16.0,99.4,99.5,93.8,75.2,18.4,90.1,43.1,95.2,63.7,27.1,72.4,100.0,20.16,6.75,49899,2.13
48,Querétaro,1594212,813213,780999,68215,76352,148782,74113,74214,1116435,160986,561597,286756,166200,60576,29297,429822,846426,368266,478160,16180,321356,867236,268825,81242,1325660,99122,3494,157583,463744,155556,1589407,494704,560417,17.77,4.65,110974,460644,455679,368188,95237,457173,457945,438674,374331,73217,439086,263323,436269,353149,163547,463946,49.9,1265682,432169,463148,3.554,0.93,9.98,51.0,49.0,4.3,4.8,9.3,4.6,4.7,70.0,10.1,35.2,18.0,166200,3.8,1.8,27.0,53.1,43.5,56.5,1.0,20.2,68.5,21.2,6.4,83.2,6.2,0.2,9.9,33.5,31.1,24.0,99.5,98.4,79.5,20.6,98.7,98.9,94.7,80.8,15.8,94.8,56.9,94.2,76.2,35.3,79.4,100.0,49.9,17.77,99122,4.65
49,Reynosa,837251,420769,416482,40160,44033,89547,44719,41224,568866,73008,252044,129449,33225,32381,12906,227167,425415,174577,250838,6909,177786,471296,118904,17751,512250,155490,895,164650,255108,79907,835073,245985,323522,6.65,1.97,84896,253453,252808,92304,12140,248530,249924,242396,203542,30536,237436,84952,237933,133008,40799,255155,19.25,655261,240791,254875,3.325,0.985,9.625,50.3,49.7,4.8,5.3,10.7,5.3,4.9,67.9,8.7,30.1,15.5,33225,3.9,1.5,27.1,50.8,41.0,59.0,0.8,21.2,71.9,18.1,2.7,61.2,18.6,0.1,19.7,31.3,29.5,33.3,99.4,99.2,36.2,4.8,97.5,98.1,95.1,79.9,12.0,93.2,33.3,93.4,52.2,16.0,78.3,100.0,19.25,6.65,155490,1.97
50,Rioverde,146049,75563,70486,7303,7601,15916,7918,7663,91829,21102,10574,5548,2685,8776,6887,44429,69511,27270,42241,709,29109,29176,75238,2787,128350,9135,96,8368,39939,12744,145621,42185,52745,7.34,1.99,12384,39258,37732,30391,5098,33836,37235,35923,32781,22741,36028,11102,34214,16518,4029,39956,17.270000000000003,116872,39485,39836,3.67,0.995,8.635000000000002,51.7,48.3,5.0,5.2,10.9,5.4,5.2,62.9,14.4,7.2,3.8,2685,6.0,4.7,30.4,47.6,39.2,60.8,0.5,19.9,25.0,64.4,2.4,87.9,6.3,0.1,5.7,31.9,29.0,31.1,98.5,94.7,76.3,12.8,84.9,93.5,90.2,82.3,57.1,90.4,27.9,85.9,41.5,10.1,80.0,100.0,17.270000000000003,7.34,9135,1.99
51,Saltillo,1031779,516310,515469,53433,60314,106681,50968,51030,692628,100207,164558,80673,37484,33497,10390,309112,487532,190818,296714,10461,170636,720273,36181,38539,814722,118498,833,93306,285607,79500,1028158,261911,326087,10.56,2.54,59392,284111,281915,249105,39812,281399,282360,276524,254702,21072,273982,134745,263757,187701,76656,285699,31.27,857293,275477,285475,3.52,0.8466666666666667,10.423333333333334,50.0,50.0,5.2,5.8,10.3,4.9,4.9,67.1,9.7,15.9,7.8,37484,3.2,1.0,30.0,47.3,39.1,60.9,1.0,16.5,84.0,4.2,4.5,79.0,11.5,0.1,9.0,27.8,25.5,20.8,99.5,98.8,87.3,13.9,98.6,98.9,96.9,89.2,7.4,96.0,47.2,92.4,65.8,26.9,83.1,100.0,31.27,10.56,118498,2.54
52,San Francisco del Rincón,214713,109397,105316,12296,12468,25009,11960,12097,139028,19887,18120,9307,2923,11331,7210,51699,111233,46191,65042,1084,50806,62173,91642,3194,196278,10270,117,7368,52076,16039,214270,62535,62617,8.26,2.28,13430,51701,51192,40963,7100,50754,50877,47350,44356,29610,49073,14864,45312,20391,5513,52098,15.919999999999998,163298,50726,51999,4.13,1.14,7.959999999999999,51.0,49.0,5.7,5.8,11.6,5.6,5.6,64.8,9.3,8.4,4.3,2923,5.3,3.4,24.1,51.8,41.5,58.5,0.5,23.7,38.1,56.1,2.0,91.4,4.8,0.1,3.4,30.8,29.2,25.8,99.4,98.4,78.8,13.7,97.6,97.8,91.1,85.3,56.9,94.4,28.6,87.1,39.2,10.6,76.1,100.0,15.919999999999998,8.26,10270,2.28
53,San Luis Potosí,1271366,655110,616256,53465,61993,121142,62028,64320,877589,141573,153999,79833,34804,50996,18688,362776,655582,288358,367224,12302,219589,766576,158531,53223,1096017,76510,1842,92828,357576,121388,1267156,399313,417565,11.36,2.86,70722,355752,351368,304687,248993,352838,353322,340780,307918,104181,343117,183990,330407,236114,105793,357777,29.59,1048808,332058,357278,3.786666666666666,0.9533333333333333,9.863333333333332,51.5,48.5,4.2,4.9,9.5,4.9,5.1,69.0,11.1,12.1,6.3,34804,4.0,1.5,28.5,51.6,44.0,56.0,1.0,17.3,73.1,15.1,5.1,86.2,6.0,0.1,7.3,33.9,31.5,19.8,99.6,98.3,85.3,69.7,98.8,98.9,95.4,86.2,29.2,96.0,51.5,92.5,66.1,29.6,82.5,100.1,29.59,11.36,76510,2.86
54,Tampico,773285,399974,373311,28473,34048,70674,36025,36281,528086,111011,177525,95939,27096,39891,11042,256986,369089,157581,211508,10356,157450,377892,114995,14046,570633,118787,530,80042,240386,80750,771503,236068,293294,9.62,2.53,77137,238472,237338,110753,9546,234606,235600,225879,198522,27031,225381,105758,225120,156952,62450,240442,32.97,612962,228634,239962,3.206666666666667,0.8433333333333334,10.99,51.7,48.3,3.7,4.4,9.1,4.7,4.7,68.3,14.4,23.0,12.4,27096,5.2,1.4,33.2,47.7,42.7,57.3,1.3,20.4,61.7,18.8,2.3,73.8,15.4,0.1,10.4,33.6,30.6,32.1,99.4,98.9,46.2,4.0,97.8,98.2,94.1,82.7,11.3,93.9,44.1,93.8,65.4,26.0,79.3,100.0,32.97,9.62,118787,2.53
55,Tapachula,353706,182096,171610,20233,19971,38338,18916,18676,227836,37919,16419,7983,5368,16426,17407,104275,162204,68212,93992,4012,150537,102284,60685,2545,167204,106993,407,75711,96211,33731,350322,115924,121813,3.64,1.19,38543,94335,87887,43964,21062,92803,93593,78994,52498,12170,83780,23536,83419,31777,8078,96307,9.33,199892,95731,95969,3.64,1.19,9.33,51.5,48.5,5.7,5.6,10.8,5.3,5.3,64.4,10.7,4.6,2.3,5368,4.6,4.9,29.5,45.9,42.1,57.9,1.1,42.6,51.2,30.4,1.3,47.3,30.2,0.1,21.4,35.1,33.1,40.2,98.3,91.6,45.8,21.9,96.7,97.5,82.3,54.7,12.7,87.3,24.5,86.9,33.1,8.4,56.5,100.1,9.33,3.64,106993,1.19
56,Tecomán,143931,72162,71769,6565,7500,16531,7823,7527,93664,17099,34810,17478,5981,9306,7704,37180,74637,29946,44691,934,23345,53458,60847,934,118314,13813,56,11496,41225,14087,143572,48465,51350,6.87,2.26,15819,40760,40490,22454,10095,40745,40814,36472,27028,13215,35912,9108,36207,14097,3138,41256,15.99,120371,40176,41101,3.435,1.13,7.995,50.1,49.9,4.6,5.2,11.5,5.4,5.2,65.1,11.9,24.2,12.1,5981,6.5,5.4,25.8,51.9,40.1,59.9,0.6,16.2,44.4,50.5,0.8,82.2,9.6,0.0,8.0,34.2,33.8,38.5,99.2,98.5,54.6,24.6,99.1,99.3,88.7,65.8,32.2,87.4,22.2,88.1,34.3,7.6,83.6,100.1,15.99,6.87,13813,2.26
57,Tehuacán,357621,188541,169080,17966,19398,38558,19823,20728,239727,33766,55173,30549,10959,17309,13527,91133,187134,86348,100786,2636,123980,110665,98078,3053,284109,43747,427,28745,92770,33660,356428,121544,113246,7.91,2.38,32101,91962,90037,65928,47205,88109,90978,74909,53100,29120,83108,31847,84070,46096,10700,92797,17.060000000000002,233375,89586,92615,3.955,1.19,8.530000000000001,52.7,47.3,5.0,5.4,10.8,5.5,5.8,67.0,9.4,15.4,8.5,10959,4.8,3.8,25.5,52.3,46.1,53.9,0.7,34.7,47.4,42.0,1.3,79.4,12.2,0.1,8.0,36.3,34.1,34.7,99.3,97.2,71.2,51.0,95.1,98.2,80.9,57.3,31.4,89.7,34.4,90.8,49.8,11.6,65.3,100.0,17.060000000000002,7.91,43747,2.38
58,Tehuantepec,179870,92930,86940,7779,9167,18285,9418,9324,118835,24247,17234,8686,4891,10574,10347,55210,86465,38682,47783,2253,43290,36220,61208,784,119017,34108,145,26305,52494,17326,179456,54014,67800,17.56,6.64,24695,51422,48078,37442,17009,50923,50744,44991,33764,8181,44126,14505,45058,22375,4285,52511,42.25,136374,52149,52326,3.512,1.3279999999999998,8.45,51.7,48.3,4.3,5.1,10.2,5.2,5.2,66.1,13.5,9.6,4.8,4891,5.9,5.8,30.7,48.1,44.7,55.3,1.3,24.1,26.6,44.9,0.6,66.2,19.0,0.1,14.6,33.0,30.1,47.2,98.3,91.9,71.6,32.5,97.3,97.0,86.0,64.5,15.6,84.3,27.7,86.1,42.8,8.2,75.8,100.0,42.25,17.56,34108,6.64
59,Tepic,491153,252339,238814,20941,24498,50060,25155,24905,329355,60171,70914,35560,15678,25418,8074,139063,250002,113476,136526,3600,105149,231035,67712,7102,409316,41110,923,38749,144850,51937,485902,160125,180342,6.79,1.71,35750,143715,143021,120579,70723,143002,143375,135630,112891,19847,136434,71653,134947,94242,38683,144964,21.99,385213,140607,144574,3.395,0.855,10.995,51.4,48.6,4.3,5.0,10.2,5.1,5.1,67.1,12.3,14.4,7.2,15678,5.2,1.6,28.3,50.9,45.4,54.6,0.7,21.4,60.0,17.6,1.8,83.3,8.4,0.2,7.9,35.9,33.0,24.7,99.4,98.9,83.4,48.9,98.9,99.2,93.8,78.1,13.7,94.4,49.6,93.3,65.2,26.8,78.4,100.1,21.99,6.79,41110,1.71
60,Teziutlán,138806,73225,65581,7019,7485,15688,7738,8130,91471,13840,12446,7216,3208,5388,5669,37077,70700,31688,39012,627,48062,39116,41808,1654,116917,10168,169,11458,36136,12806,138419,44091,43438,8.14,2.35,13519,35842,35616,25296,8502,34146,34831,25398,18931,1754,33552,10009,31701,11994,2963,36145,16.98,90707,35288,36066,4.07,1.175,8.49,52.8,47.2,5.1,5.4,11.3,5.6,5.9,65.9,10.0,9.0,5.2,3208,3.9,4.1,26.7,50.9,44.8,55.2,0.5,34.6,43.1,46.1,1.8,84.2,7.3,0.1,8.3,35.4,31.9,37.5,99.4,98.8,70.1,23.6,94.7,96.6,70.4,52.5,4.9,93.0,27.8,87.9,33.3,8.2,65.3,100.0,16.98,8.14,10168,2.35
61,Tianguistenco,183281,94446,88835,9577,10201,20302,10130,10292,121494,17561,13305,7317,2706,6663,3842,48370,93111,39350,53761,1347,62158,37294,68803,1060,161296,9415,202,12172,42779,12101,183254,47759,51189,25.78,6.54,13023,42482,41912,32140,9529,40866,41675,29503,26497,12770,39410,12508,35337,19083,4169,42788,58.72,120985,41680,42683,4.296666666666667,1.09,9.786666666666669,51.5,48.5,5.2,5.6,11.1,5.5,5.6,66.3,9.6,7.3,4.0,2706,3.6,2.1,26.4,50.8,42.3,57.7,0.7,33.9,30.8,56.9,0.9,88.0,5.1,0.1,6.6,28.3,26.1,30.5,99.5,98.2,75.3,22.3,95.7,97.6,69.1,62.1,29.9,92.3,29.3,82.8,44.7,9.8,66.0,100.0,58.72,25.78,9415,6.54
62,Tijuana,2157853,1067597,1090256,85991,100809,210171,107159,104862,1522246,195109,950489,477744,143132,80730,25011,567494,1156588,482868,673720,14761,536689,1171269,237171,79274,1336539,352159,3951,450634,645957,220033,2139730,711526,728205,9.92,2.76,189699,638909,631532,46063,50790,631826,634430,614586,526506,59956,605999,332561,609597,469164,224855,646322,29.55,1600432,583116,643576,3.306666666666666,0.92,9.85,49.5,50.5,4.0,4.7,9.7,5.0,4.9,70.5,9.0,44.0,22.1,143132,3.7,1.2,26.3,53.6,41.7,58.3,0.7,24.9,73.2,14.8,5.0,61.9,16.3,0.2,20.9,34.1,33.3,29.5,99.3,98.1,7.2,7.9,98.2,98.6,95.5,81.8,9.3,94.2,51.7,94.7,72.9,34.9,74.2,100.1,29.55,9.92,352159,2.76
63,Tlaxcala-Apizaco,570308,295693,274615,23408,26885,55495,28719,29523,372428,64333,94106,51592,19575,22791,8878,167134,269423,116621,152802,7035,145340,169149,168661,7950,458881,40502,871,49191,152525,49624,568700,166298,192172,73.73,18.12,38945,146745,146460,130362,41616,143958,145236,121609,93809,39496,137633,55601,131964,70910,17901,152573,197.6,404657,142070,152217,3.880526315789474,0.9536842105263158,10.4,51.8,48.2,4.1,4.7,9.7,5.0,5.2,65.3,11.3,16.5,9.0,19575,4.0,1.6,29.3,47.2,43.3,56.7,1.2,25.5,41.8,41.7,2.0,80.5,7.1,0.2,8.6,32.5,29.2,25.6,96.4,96.2,85.6,27.3,94.6,95.4,79.9,61.6,25.9,90.4,36.5,86.7,46.6,11.8,71.0,100.0,197.6,73.73,40502,18.12
64,Toluca,2353924,1209745,1144179,105941,118423,243171,126103,126046,1604696,236325,281479,151393,50524,81819,54883,718038,1136006,467407,668599,26339,801702,828394,411197,37503,2026661,156922,3695,161415,596909,169243,2346173,586753,727661,64.95,15.93,147472,593079,584031,452696,178436,575255,582198,475028,392728,181423,561514,244791,525067,315420,113336,597044,161.7,1544308,574252,596050,4.059375,0.995625,10.10625,51.4,48.6,4.5,5.0,10.3,5.4,5.4,68.2,10.0,12.0,6.4,50524,3.5,2.3,30.5,48.3,41.1,58.9,1.1,34.1,53.6,26.6,2.4,86.1,6.7,0.2,6.9,28.4,25.0,24.7,99.5,98.0,75.9,29.9,96.5,97.7,79.7,65.9,30.4,94.2,41.1,88.1,52.9,19.0,65.6,100.0,161.7,64.95,156922,15.93
65,Tula,256795,132102,124693,10737,12784,26448,13347,13441,174157,28728,70049,36784,23460,12318,5163,81183,121642,49855,71787,3369,74496,96969,56345,2646,208262,22097,673,25374,71749,21853,256088,70191,104620,18.52,4.72,17832,71144,70284,56999,16374,69836,70369,62396,49754,19054,66730,25097,63877,31978,9066,71769,48.7,182008,69811,71630,3.704,0.944,9.74,51.4,48.6,4.2,5.0,10.3,5.2,5.2,67.8,11.2,27.3,14.3,23460,4.8,2.0,31.6,47.4,41.0,59.0,1.3,29.0,53.3,31.0,1.5,81.1,8.6,0.3,9.9,30.5,27.4,24.9,99.3,98.1,79.6,22.9,97.5,98.2,87.1,69.5,26.6,93.2,35.0,89.2,44.6,12.7,70.9,100.0,48.7,18.52,22097,4.72
66,Tulancingo,268351,141072,127279,12691,13553,28692,14744,14766,177875,30728,40400,22289,8045,11492,10685,76515,134319,59348,74971,1893,115038,62623,72638,1923,220149,22020,397,25500,73173,25032,267454,82223,94561,10.95,2.87,21820,72680,70900,65391,21015,70071,71286,62126,47314,18975,67882,21725,65698,32929,8774,73209,27.11,153070,71975,73060,3.65,0.9566666666666668,9.036666666666669,52.6,47.4,4.7,5.1,10.7,5.5,5.5,66.3,11.5,15.1,8.3,8045,4.3,4.0,28.5,50.1,44.2,55.8,0.7,42.9,40.9,47.5,1.3,82.0,8.2,0.1,9.5,34.2,30.7,29.9,99.5,97.0,89.5,28.8,95.9,97.6,85.0,64.8,26.0,92.9,29.7,89.9,45.1,12.0,57.0,100.0,27.11,10.95,22020,2.87
67,Tuxtla Gutiérrez,848274,440042,408232,40995,46039,88506,42704,42880,570269,86837,47129,23869,12412,33484,34128,246887,411867,177237,234630,9762,345970,225376,155858,17451,558349,186941,569,98767,228834,78847,846364,271769,292865,19.4,6.5,79401,226716,212492,188464,130982,224807,225927,203300,156129,17135,209972,86734,208239,116080,32979,228908,43.99,499488,224361,228434,3.88,1.3,8.797999999999998,51.9,48.1,4.8,5.4,10.4,5.0,5.1,67.2,10.2,5.6,2.8,12412,3.9,4.0,29.1,48.6,43.0,57.0,1.2,40.8,45.1,31.2,3.5,65.8,22.0,0.1,11.6,34.5,32.1,34.8,99.2,93.0,82.5,57.3,98.4,98.9,89.0,68.3,7.5,91.9,38.0,91.2,50.8,14.4,58.9,100.0,43.99,19.4,186941,6.5
68,Valle de México,21804515,11281695,10522820,765636,916730,1883707,998750,1019426,15241707,2967831,6574984,3518661,711200,1074244,307033,6698081,11228212,4895455,6332757,252617,6778925,8870141,3122760,676191,16506476,1702178,112682,3407787,6230614,2245790,21717337,7239227,7090310,280.41,73.66,1909946,6208184,6117850,5054717,3127493,6172450,6183905,5698804,4987949,1485390,5964356,3181371,5672153,4222194,1651537,6232380,779.12,14966575,5844226,6221043,3.6896052631578953,0.9692105263157894,10.25157894736842,51.7,48.3,3.5,4.2,8.6,4.6,4.7,69.9,13.6,30.2,16.1,711200,4.9,1.4,30.7,51.5,43.6,56.4,1.2,31.1,59.3,20.9,4.5,75.7,7.8,0.5,15.6,36.0,33.3,30.7,99.8,98.3,81.3,50.3,99.2,99.4,91.6,80.2,23.9,95.9,51.1,91.2,67.9,26.5,68.6,100.0,779.12,280.41,1702178,73.66
69,Veracruz,939046,492617,446429,29113,37198,79568,40324,41211,656544,139857,101027,52652,21260,48699,22158,298635,480764,211326,269438,10916,259687,459640,112942,17175,683692,136841,1781,114220,312801,124921,936741,356601,423759,18.11,5.34,112590,311195,308156,207070,55319,309212,309100,292544,254428,34762,290523,126425,289184,189950,73026,312891,56.62,677388,301795,312411,3.018333333333333,0.89,9.436666666666666,52.5,47.5,3.1,4.0,8.5,4.3,4.4,69.9,14.9,10.8,5.6,21260,5.2,2.4,31.8,51.2,44.0,56.0,1.2,27.7,67.9,16.7,2.5,72.8,14.6,0.2,12.2,39.9,38.1,36.0,99.6,98.6,66.3,17.7,99.0,98.9,93.6,81.4,11.1,93.0,40.5,92.6,60.8,23.4,72.1,100.0,56.62,18.11,136841,5.34
70,Villahermosa,833907,430933,402974,35382,41542,84453,41677,40486,570811,91357,102420,52482,15239,46793,21356,243706,415744,179541,236203,10692,255871,256631,158120,16098,538985,211160,509,80985,239645,81561,831274,260185,300042,7.03,2.1100000000000003,86549,238651,236040,144185,42628,237143,237400,220899,196741,26047,219071,93606,218385,126465,44491,239690,21.49,576649,228568,239402,3.515,1.0550000000000002,10.745,51.7,48.3,4.2,5.0,10.1,5.0,4.9,68.5,11.0,12.3,6.3,15239,5.6,2.6,29.2,49.9,43.2,56.8,1.3,30.7,44.5,27.4,2.8,64.6,25.3,0.1,9.7,34.0,31.3,36.2,99.7,98.6,60.2,17.8,99.1,99.2,92.3,82.2,10.9,91.5,39.1,91.2,52.8,18.6,69.2,100.0,21.49,7.03,211160,2.1100000000000003
71,Xalapa,789157,417651,371506,27864,34419,72054,36955,38866,543682,108578,61114,32950,13314,39193,23405,246476,397758,179407,218351,8807,221418,299932,187127,11533,624013,71833,1233,90720,238348,96306,787506,295520,306570,32.35,8.870000000000001,82837,236471,234534,191242,45572,233410,235489,207894,166420,18083,219419,111619,216679,148581,55854,238419,81.78,566763,227443,237953,3.594444444444445,0.9855555555555556,9.086666666666666,52.9,47.1,3.5,4.4,9.1,4.7,4.9,68.9,13.8,7.7,4.2,13314,5.0,3.0,31.2,50.4,45.1,54.9,1.1,28.1,52.9,33.0,2.0,79.1,9.1,0.2,11.5,40.4,37.5,34.8,99.4,98.6,80.4,19.2,98.1,99.0,87.4,69.9,7.6,92.2,46.9,91.1,62.4,23.5,71.8,100.0,81.78,32.35,71833,8.870000000000001
72,Zacatecas-Guadalupe,405285,209262,196023,19293,21942,42983,20815,21045,273490,40547,41604,20813,10261,21191,5168,124032,190531,81971,108560,4415,67699,208002,78723,2763,365283,19806,367,18550,113771,36229,402979,114048,146663,18.9,4.529999999999999,23809,113204,111995,108315,24300,112428,112633,106928,99873,16500,109223,58195,105863,78065,28443,113827,49.93,336530,110305,113710,3.78,0.906,9.986,51.6,48.4,4.8,5.4,10.6,5.1,5.2,67.5,10.0,10.3,5.1,10261,5.2,1.3,30.6,47.0,43.0,57.0,1.1,16.7,61.8,23.4,0.8,90.1,4.9,0.1,4.6,31.8,28.3,20.9,99.6,98.5,95.3,21.4,98.9,99.1,94.0,87.8,14.5,96.1,51.2,93.1,68.7,25.0,83.0,100.0,49.93,18.9,19806,4.529999999999999
73,Zamora,273641,141483,132158,13748,15475,30854,15073,14368,175946,32588,20569,10405,4469,14226,12889,72850,138249,59635,78614,1575,97523,115140,41308,5242,242580,16639,203,13785,76204,25149,272732,84066,97510,7.33,1.94,21098,75870,74941,61677,23284,75345,75607,69871,58749,30106,72357,26343,67489,42444,11756,76259,16.48,175833,73846,76128,3.665,0.97,8.24,51.7,48.3,5.0,5.7,11.3,5.5,5.3,64.3,11.9,7.5,3.8,4469,5.2,4.7,26.6,50.5,43.1,56.9,0.6,35.6,65.5,23.5,3.0,88.6,6.1,0.1,5.0,33.0,30.8,27.7,99.7,98.4,81.0,30.6,99.0,99.3,91.8,77.2,39.5,95.0,34.6,88.7,55.8,15.4,64.3,100.1,16.48,7.33,16639,1.94
